{
  "M_rad": 6.743073002100882,
  "M_path": 2.9756788079681415,
  "T": 64
}